"31,81,978"
"34,62,720"
"42,13,750"
"41,55,276"
"41,22,808"
"44,78,424"
"45,14,486"
"46,92,677"
"40,99,970"
"45,28,196"
"41,51,783"
"37,41,839"
"40,82,398"
"61,37,425"
"62,05,627"
"70,06,363"
"82,92,545"
"72,44,640"
"89,42,721"
"73,80,719"
"91,09,832"
"89,33,643"
"84,66,931"
"85,82,333"
"1,03,80,847"
"93,71,246"
"1,09,14,033"
"1,33,94,876"
"1,58,65,782"
"1,47,72,328"
"1,50,21,560"
"1,71,21,338"
"1,69,70,764"
"1,64,04,102"
"1,66,54,070"
"1,67,48,063"
"1,71,70,934"
"1,69,18,787"
"1,77,07,312"
"1,77,66,976"
"1,78,82,281"
"1,72,39,857"
"1,74,33,637"
"1,71,31,876"
"1,77,75,373"
"1,77,06,937"
"1,84,07,960"
"1,84,05,578"
"1,83,38,336"
"1,67,93,084"
"1,83,83,535"
"1,81,56,162"
"1,75,85,986"
"1,82,16,328"
"1,84,02,414"
"1,93,94,967"
"1,91,65,593"
"1,82,87,033"
"1,79,19,033"
"1,85,52,119"
"1,94,87,255"
"2,04,13,030"
"1,94,65,192"
"1,88,73,955"
"1,92,45,046"
"1,99,31,213"
"2,10,12,763"
"1,96,77,627"
"2,03,57,108"

"1,92,87,765"
"1,92,09,397"
"1,99,98,476"
"1,97,54,323"
"1,98,59,394"
"2,15,36,988"
"2,00,24,400"
"2,02,20,496"

"2,36,43,108"
"2,29,87,965"
"2,32,09,892"
"2,24,84,217"
"2,43,07,071"
"2,40,55,096"
"2,36,83,201"
"2,54,24,492"
"2,41,64,413"
"2,29,02,178"
"2,41,44,813"
"2,61,53,938"
"2,65,24,572"
"2,81,11,962"
"2,87,07,728"
"2,88,73,393"
"3,09,44,335"
"2,96,26,042"
"3,06,05,179"
"2,95,30,932"
"3,38,20,866"
"3,02,24,765"
"2,88,84,074"
"3,32,43,615"
"3,47,65,217"
"3,88,23,594"
"4,24,41,837"
"3,77,25,326"
"3,80,60,027"
"4,05,59,504"
"4,50,03,024"
"4,20,72,980"
"4,19,17,426"
"4,42,02,886"
"4,31,55,535"
"5,06,59,376"
"5,64,30,733"
"5,85,10,028"
"5,72,12,781"
"6,04,27,802"
"6,47,79,075"
"6,54,92,720"
"8,25,15,705"
"6,43,84,851"
"5,90,54,470"
"5,49,57,197"
"5,70,86,079"
"5,13,16,420"
"5,28,98,145"
"5,46,00,395"
"5,56,45,776"
"6,03,62,490"
"6,51,32,721"
"6,70,43,792"
"6,46,75,414"
"6,98,97,336"
"7,02,20,041"
"7,03,56,983"
"7,55,13,346"
"7,40,79,419"
"7,37,12,767"
"7,60,06,493"
"7,36,70,386"
"7,83,84,910"
"7,60,75,277"
"7,19,30,354"
"7,45,82,384"
"7,65,47,247"
"8,27,66,332"
"8,29,18,536"
"6,26,49,391"
"7,11,48,760"
"5,98,70,856"
"6,31,91,162"
"6,35,48,951"
"6,66,47,024"
"6,37,65,926"
"7,03,92,661"
"7,02,68,142"
"6,31,07,266"
"6,04,06,783"
"6,20,30,385"
"6,15,29,857"
"7,10,10,194"
"7,46,07,283"
"6,92,89,441"
"6,23,51,090"
"6,87,79,467"
"6,81,29,330"
"6,69,05,404"
"6,78,17,389"
"6,50,39,279"
"7,65,77,649"
"7,78,28,023"
"7,30,44,064"
"7,88,68,022"
"8,30,55,900"
"8,73,10,537"
"9,03,46,661"
"8,19,70,124"
"7,76,73,919"
"8,24,07,581"
"9,08,12,590"
"8,67,36,416"
"10,10,85,364"
"9,40,69,743"
"9,43,15,496"
"8,60,75,781"
"8,90,11,208"
"8,95,42,070"
"9,21,62,662"
"8,66,23,619"
"8,64,96,617"
"9,08,77,197"
"8,90,52,942"
"9,24,41,807"
"9,85,01,643"
"9,60,40,841"
"9,73,77,102"
"10,23,96,251"
"11,15,35,229"
"14,60,35,039"
"12,80,69,694"
"12,18,95,471"
"12,03,92,937"
"12,50,31,544"
"12,44,65,280"
"13,16,99,522"
"12,54,98,667"
"12,40,31,292"
"12,85,25,310"
"13,58,07,221"
"12,97,53,493"
"13,55,33,128"
"13,02,76,330"
"12,46,70,138"
"13,06,21,083"
"14,16,88,608"
"13,84,53,839"
"14,19,70,235"
"25,87,34,178"
"23,97,71,510"
"30,51,58,246"
"26,22,80,396"
"26,19,69,922"
"33,63,90,198"
"29,02,90,819"
"30,12,29,798"
"29,51,30,098"
"28,77,18,511"
"28,63,71,573"
"30,33,40,691"
"30,30,90,959"
"30,30,70,938"
"53,68,23,656"
"52,85,20,676"
"52,76,45,839"
"52,82,05,843"
"59,49,34,705"
"62,92,56,329"
"62,63,26,670"
"62,93,18,878"
"68,31,58,232"
"70,24,92,126"
"69,92,20,077"
"78,23,82,546"
"83,76,87,344"
"99,82,51,767"
"1,20,74,58,582"
"1,38,12,36,193"
"1,55,46,46,635"
"1,72,24,57,302"
"1,83,64,57,071"
"1,76,46,87,018"
"1,73,34,46,551"
"1,86,74,22,293"
"1,77,42,18,971"
"1,79,70,82,905"
"1,93,46,60,523"
"1,95,93,84,772"
"2,09,46,30,350"
"2,18,65,29,884"
"2,25,62,25,622"
"2,32,71,96,165"
"2,39,61,54,287"
"2,50,96,11,487"
"2,76,63,27,702"
"2,92,05,25,859"
"2,71,43,85,221"
"2,83,10,80,950"
"3,04,29,43,845"
"3,30,22,25,248"
"3,29,48,00,000"
"3,53,27,00,000"
"3,74,24,00,000"
"3,87,07,00,000"
"3,88,70,00,000"
"4,66,80,00,000"
"4,24,20,00,000"
"5,48,40,00,000"
"6,56,40,00,000"
"6,94,50,00,000"
"7,67,70,00,000"
"8,15,60,00,000"
"10,00,40,00,000"
"10,19,30,00,000"
"11,06,50,00,000"
"12,11,20,00,000"
"12,70,10,00,000"
"15,96,10,00,000"
"14,31,50,00,000"
"19,60,30,00,000"
"19,21,90,00,000"
"17,25,60,00,000"
"16,88,90,00,000"
"17,35,00,00,000"
"18,67,90,00,000"
"19,69,40,00,000"
"20,28,00,00,000"
"24,56,90,00,000"
"26,35,10,00,000"
"24,19,50,00,000"
"25,18,10,00,000"
"26,91,70,00,000"
"32,68,10,00,000"
"1,01,95,60,00,000"
"80,75,60,00,000"
"37,85,00,00,000"
"41,35,20,00,000"
"46,71,20,00,000"
"48,56,50,00,000"
"55,71,40,00,000"
"61,79,90,00,000"
"18,74,226"
"24,04,014"
"21,85,856"
"23,10,502"
"24,26,227"
"20,26,605"
"20,00,573"
"17,44,520"
"16,85,296"
"13,88,402"
"18,11,375"
"18,21,950"
"31,10,417"
"17,63,767"
"21,49,154"
"25,85,036"
"11,36,609"
"24,23,694"
"17,69,385"
"31,01,308"
"26,66,869"
"11,21,570"
"3,24,197"
"6,24,836"
"8,93,407"
"27,51,945"
"45,25,530"
"68,96,203"
"32,54,354"
"26,73,765"
"35,34,343"
"35,77,215"
"29,10,190"
"31,14,345"
"28,31,606"
"26,21,294"
"23,37,512"
"29,48,515"
"31,78,500"
"31,46,264"
"30,37,964"
"33,31,766"
"32,45,666"
"30,54,899"
"38,14,476"
"50,83,795"
"43,98,942"
"55,04,351"
"48,16,021"
"39,34,623"
"35,81,632"
"30,21,293"
"40,25,697"
"39,44,309"
"41,92,735"
"41,94,369"
"35,42,778"
"26,96,788"
"23,48,537"
"30,10,294"
"39,62,700"
"39,47,797"
"36,07,922"
"37,68,488"
"38,68,482"
"33,08,000"
"45,76,003"
"43,10,900"

"29,89,835"
"35,77,588"
"40,89,527"
"42,04,551"
"33,10,903"
"37,40,609"
"29,71,109"
"36,80,700"

"36,08,655"
"43,46,021"
"58,78,036"
"60,06,577"
"73,41,477"
"75,18,806"
"63,65,136"
"83,30,539"
"81,19,298"
"64,86,678"
"37,69,651"
"41,78,990"
"50,27,819"
"60,12,224"
"63,70,580"
"60,16,979"
"85,41,192"
"79,00,687"
"76,77,493"
"52,46,448"
"1,13,27,186"
"1,05,49,256"
"99,86,542"
"85,13,378"
"81,61,517"
"1,10,92,185"
"1,34,72,068"
"1,15,65,984"
"60,82,924"
"1,06,36,319"
"1,37,40,648"
"1,05,09,024"
"81,39,436"
"87,74,513"
"1,03,40,345"
"77,95,929"
"1,25,42,890"
"1,77,09,503"
"2,07,44,342"
"1,89,57,351"
"2,30,71,314"
"1,48,47,087"
"2,13,02,791"
"2,44,23,359"
"2,00,87,990"
"2,09,65,990"
"1,60,10,990"
"1,24,76,900"
"1,36,58,830"
"1,43,41,128"
"1,94,47,588"
"2,05,73,258"
"1,86,85,015"
"1,98,18,028"
"1,97,36,665"
"2,00,38,890"
"1,99,27,574"
"1,84,97,450"
"1,93,73,574"
"1,81,23,800"
"2,13,08,405"
"1,96,47,299"
"1,61,80,761"
"1,71,37,396"
"1,70,88,441"
"1,73,25,586"
"1,70,32,742"
"1,73,01,353"
"2,05,16,292"
"1,83,48,420"
"1,65,07,279"
"1,61,21,340"
"1,49,74,979"
"1,45,59,821"
"1,70,59,083"
"1,73,84,268"
"1,71,30,596"
"1,65,42,999"
"1,64,73,753"
"1,47,42,604"
"1,45,24,440"
"1,54,05,906"
"1,50,33,789"
"1,33,66,305"
"1,41,56,047"
"1,36,31,090"
"1,22,30,676"
"1,48,45,441"
"1,46,77,979"
"1,48,09,484"
"1,46,58,111"
"1,39,00,383"
"1,70,95,968"
"1,72,52,979"
"1,80,61,437"
"1,78,16,214"
"1,68,99,911"
"1,79,80,344"
"1,73,67,203"
"1,78,81,507"
"1,75,88,684"
"1,78,70,814"
"2,00,11,076"
"1,91,66,513"
"1,86,73,428"
"2,04,67,893"
"1,88,16,708"
"1,78,65,243"
"1,71,18,272"
"1,81,87,963"
"1,87,86,701"
"1,85,04,585"
"1,78,64,682"
"2,14,30,132"
"1,96,84,761"
"1,91,98,494"
"1,78,70,131"
"1,59,41,097"
"1,66,62,152"
"1,47,23,483"
"1,82,63,388"
"2,03,54,228"
"2,08,73,758"
"1,97,79,465"
"1,92,18,074"
"2,38,38,325"
"1,88,74,280"
"2,40,34,386"
"2,19,94,153"
"2,66,64,734"
"2,30,38,485"
"2,38,23,767"
"2,28,88,656"
"2,17,62,116"
"2,21,35,790"
"2,14,48,324"
"2,22,65,393"
"2,25,50,936"
"2,04,69,046"
"1,86,87,758"
"3,43,59,184"
"4,02,74,200"
"8,98,80,759"
"6,37,84,982"
"5,76,31,644"
"9,25,87,423"
"3,84,65,056"
"5,59,80,466"
"5,60,17,780"
"5,99,32,355"
"5,06,61,730"
"4,69,77,728"
"3,86,99,748"
"3,94,18,027"
"27,75,02,087"
"26,80,39,753"
"27,06,82,252"
"28,72,49,311"
"33,17,25,550"
"32,07,43,349"
"32,80,37,781"
"32,78,59,108"
"27,16,22,083"
"28,57,48,388"
"46,73,90,264"
"69,05,08,235"
"77,23,93,307"
"92,84,43,854"
"1,13,74,26,213"
"1,32,87,86,430"
"1,47,63,19,019"
"1,60,37,26,088"
"1,71,76,23,782"
"1,60,15,25,403"
"1,58,99,58,568"
"1,75,21,88,018"
"1,64,74,37,932"
"1,69,75,82,821"
"1,86,29,59,902"
"1,88,41,14,274"
"1,94,34,29,064"
"2,09,41,06,166"
"2,15,30,68,103"
"2,22,26,75,614"
"2,30,91,95,369"
"2,41,28,01,707"
"2,65,59,53,220"
"2,81,95,89,302"
"2,58,52,58,886"
"2,73,83,52,963"
"2,87,95,56,182"
"3,16,56,23,387"
"1,57,358"
"1,12,609"
"1,80,449"
"2,09,383"
"3,11,474"
"2,56,374"
"2,66,493"
"4,39,239"
"6,47,741"
"8,00,755"
"11,32,949"
"2,55,135"
"4,94,127"
"7,84,915"
"7,71,170"
"6,43,385"
"12,88,487"
"16,47,368"
"17,32,811"
"10,54,679"
"6,50,642"
"4,71,613"
"7,97,647"
"12,20,012"
"28,37,274"
"17,70,422"
"12,27,980"
"16,16,226"
"15,58,721"
"8,62,515"
"9,46,650"
"8,57,626"
"5,57,935"
"9,34,738"
"9,77,648"
"9,69,095"
"10,64,914"
"7,51,348"
"6,64,319"
"6,72,687"
"5,61,999"
"6,78,544"
"5,64,927"
"6,18,045"
"5,62,482"
"6,53,662"
"6,45,059"
"6,09,409"
"2,83,043"
"3,81,105"
"3,55,577"
"5,04,263"
"6,10,523"
"3,51,118"
"7,31,218"
"4,27,850"
"3,68,592"
"6,83,244"
"3,50,648"
"6,24,681"
"6,42,840"
"3,99,363"
"14,90,356"
"12,44,533"
"10,34,217"
"19,92,567"
"24,46,369"
"29,14,852"
"23,97,037"

"25,12,142"
"29,23,300"
"24,61,423"
"22,72,892"
"31,30,388"
"30,78,474"
"32,74,368"
"33,13,160"

"11,69,978"
"13,00,583"
"14,94,670"
"25,03,143"
"12,15,638"
"9,02,204"
"17,12,267"
"26,92,391"
"28,07,128"
"38,58,488"
"48,70,156"
"32,86,290"
"34,33,510"
"37,28,387"
"24,32,388"
"17,25,742"
"19,29,449"
"28,67,435"
"61,68,938"
"46,21,098"
"35,68,634"
"41,88,991"
"51,44,199"
"55,64,154"
"55,94,192"
"74,90,361"
"98,86,381"
"77,76,650"
"1,45,05,548"
"1,23,11,339"
"1,17,84,778"
"1,19,47,066"
"1,39,45,995"
"1,32,29,453"
"1,43,35,231"
"2,10,15,251"
"1,98,81,067"
"1,58,61,391"
"1,28,29,210"
"1,82,39,965"
"1,69,91,890"
"2,41,88,823"
"86,04,341"
"38,58,174"
"89,71,217"
"42,89,502"
"45,09,738"
"32,92,394"
"44,30,115"
"43,47,585"
"53,69,943"
"1,20,88,464"
"47,05,399"
"36,63,435"
"55,48,732"
"39,98,461"
"51,47,606"
"56,88,543"
"53,17,163"
"83,91,071"
"78,70,670"
"1,12,25,156"
"1,50,56,353"
"85,01,220"
"85,67,623"
"90,45,136"
"81,84,540"
"82,64,236"
"61,55,980"
"58,37,936"
"1,07,84,494"
"2,32,42,035"
"1,58,19,148"
"1,29,33,241"
"98,72,296"
"96,87,835"
"1,21,35,618"
"1,13,86,983"
"1,49,26,214"
"1,32,47,442"
"1,45,22,432"
"1,91,85,177"
"1,96,20,343"
"1,71,64,143"
"1,62,56,758"
"2,11,64,840"
"2,05,69,958"
"1,77,17,421"
"1,85,69,000"
"1,92,33,243"
"1,87,90,280"
"1,88,12,117"
"1,80,45,819"
"1,62,05,515"
"1,63,08,037"
"1,85,03,247"
"2,02,61,146"
"2,11,91,417"
"2,19,62,601"
"1,76,82,576"
"1,81,85,042"
"1,94,61,497"
"1,90,71,302"
"2,03,16,467"
"2,27,66,474"
"1,84,23,968"
"2,06,81,280"
"2,46,51,558"
"2,45,63,519"
"2,48,12,634"
"2,27,49,458"
"1,99,52,744"
"2,03,47,222"
"2,14,15,943"
"2,27,82,259"
"2,29,70,519"
"3,11,91,298"
"2,87,59,815"
"2,50,23,336"
"2,65,25,879"
"1,87,74,603"
"2,70,61,603"
"2,94,01,361"
"3,50,46,076"
"3,35,83,887"
"3,16,17,338"
"3,54,38,975"
"3,39,88,508"
"3,23,64,523"
"2,65,27,686"
"2,73,08,787"
"3,80,32,070"
"3,32,31,809"
"3,48,40,075"
"3,31,98,243"
"2,94,07,651"
"3,07,12,918"
"3,88,60,739"
"4,18,69,871"
"3,79,86,182"
"10,29,31,679"
"9,33,36,312"
"11,73,83,137"
"9,86,41,366"
"8,31,30,365"
"9,07,04,526"
"9,52,20,101"
"8,16,38,700"
"7,91,07,430"
"6,82,21,595"
"7,43,99,631"
"7,90,56,415"
"7,12,50,879"
"5,45,87,098"
"3,34,12,261"
"2,85,09,860"
"4,68,48,116"
"5,53,76,499"
"4,45,03,007"
"1,83,78,084"
"1,67,05,496"
"2,72,73,698"
"2,75,80,952"
"2,66,54,091"
"3,92,25,313"
"3,01,03,837"
"2,56,57,382"
"2,75,31,754"
"2,51,20,648"
"1,75,24,099"
"3,23,00,398"
"2,94,02,297"
"3,19,67,225"
"3,30,28,093"
"5,62,36,855"
"4,54,89,984"
"4,94,14,449"
"5,07,09,368"
"2,04,91,760"
"3,14,97,415"
"6,80,20,621"
"3,82,79,165"
"3,47,53,238"
"4,95,33,147"
"2,77,21,013"
"4,40,40,161"
"5,26,27,117"
"6,52,36,067"
"7,57,31,629"
"5,89,44,838"
"10,19,59,343"
"10,23,83,926"
"2,58,358"
"2,75,885"
"4,29,287"
"4,74,037"
"2,08,832"
"5,80,823"
"9,51,388"
"10,10,865"
"4,55,709"
"7,37,145"
"3,38,432"
"4,33,329"
"4,46,321"
"3,62,093"
"1,05,662"
"6,66,796"
"7,63,994"
"8,75,635"
"11,52,188"
"9,14,627"
"15,92,854"
"19,14,133"
"8,51,686"
"13,13,096"
"10,00,709"
"10,71,389"
"13,14,080"
"17,19,092"
"19,37,830"
"11,97,431"
"18,63,117"
"31,61,341"
"24,89,587"
"23,14,174"
"22,07,077"
"27,18,362"
"32,96,726"
"34,30,927"
"38,86,478"
"37,35,789"
"39,88,018"
"33,17,349"
"33,54,944"
"40,87,165"
"49,00,992"
"40,54,799"
"34,24,106"
"26,03,227"
"17,31,942"
"8,07,958"
"23,34,535"
"23,35,467"
"21,79,370"
"20,61,713"
"19,59,087"
"29,69,582"
"27,29,832"
"22,89,211"
"31,05,797"
"37,89,101"
"40,34,321"
"42,69,167"
"22,39,239"
"22,07,700"
"26,28,541"
"20,20,364"
"30,53,594"
"3,61,972"
"17,53,371"

"18,70,988"
"8,17,709"
"15,63,726"
"13,79,080"
"14,73,303"
"22,98,105"
"16,13,123"
"11,91,836"

"69,42,675"
"53,78,561"
"39,05,386"
"20,10,697"
"37,11,156"
"35,85,286"
"32,84,998"
"21,61,762"
"13,21,187"
"6,57,212"
"27,86,206"
"60,22,858"
"57,35,443"
"58,38,551"
"73,05,960"
"86,88,872"
"79,63,894"
"65,26,120"
"40,91,948"
"70,79,586"
"61,80,246"
"25,58,718"
"11,08,533"
"58,31,283"
"75,63,708"
"61,44,248"
"46,40,122"
"41,52,957"
"37,76,755"
"33,86,046"
"58,83,798"
"59,88,090"
"61,42,843"
"78,55,720"
"44,92,933"
"35,01,412"
"33,50,945"
"29,83,191"
"29,19,501"
"22,93,637"
"20,52,815"
"46,68,884"
"96,86,671"
"1,00,55,469"
"41,84,628"
"49,63,258"
"1,20,11,650"
"1,11,27,141"
"1,04,81,220"
"1,38,59,552"
"87,79,100"
"25,82,573"
"1,01,64,470"
"1,03,56,990"
"68,55,439"
"92,21,980"
"82,17,056"
"53,06,848"
"95,00,270"
"85,37,393"
"62,59,444"
"78,88,707"
"40,89,606"
"1,05,24,522"
"68,32,372"
"43,95,509"
"44,64,649"
"63,60,727"
"1,11,49,789"
"1,62,13,951"
"1,54,53,303"
"1,37,75,800"
"1,20,44,934"
"1,47,60,815"
"1,53,29,532"
"1,71,22,221"
"1,44,35,537"
"1,92,38,924"
"1,81,90,805"
"1,62,86,165"
"1,30,44,626"
"1,05,75,392"
"1,03,43,715"
"1,76,23,251"
"1,99,52,548"
"1,51,71,021"
"1,22,08,721"
"1,57,49,065"
"1,46,14,096"
"1,38,19,412"
"1,46,00,233"
"1,39,66,574"
"1,93,90,312"
"2,13,49,789"
"1,82,71,215"
"1,98,89,996"
"2,18,61,793"
"2,36,51,316"
"2,52,24,687"
"2,29,67,936"
"2,10,64,688"
"2,30,62,580"
"2,69,21,427"
"2,44,47,346"
"3,21,40,932"
"2,83,83,282"
"2,76,78,783"
"2,12,00,220"
"2,31,42,567"
"2,24,95,913"
"2,42,18,333"
"2,29,91,670"
"2,30,76,843"
"2,27,70,757"
"2,17,27,822"
"2,34,36,464"
"2,33,13,544"
"2,48,60,314"
"2,72,37,504"
"3,00,30,524"
"3,70,84,603"
"4,91,16,013"
"3,90,29,270"
"3,40,37,215"
"3,40,62,851"
"3,59,72,051"
"3,58,58,945"
"3,78,52,283"
"3,60,45,496"
"3,54,84,022"
"3,88,53,223"
"3,72,63,884"
"3,67,29,623"
"3,93,20,717"
"3,78,77,662"
"3,66,32,803"
"3,81,97,152"
"4,00,71,123"
"3,77,13,007"
"4,27,05,040"
"6,38,71,540"
"5,49,87,493"
"5,42,96,090"
"5,93,52,898"
"8,16,28,393"
"11,04,45,699"
"12,83,27,987"
"12,87,61,537"
"12,75,04,283"
"12,81,06,296"
"12,85,87,157"
"14,44,93,468"
"15,01,47,937"
"15,72,49,908"
"15,62,50,421"
"15,64,41,302"
"14,59,49,473"
"12,51,96,631"
"14,66,94,212"
"19,55,42,752"
"19,55,07,505"
"20,24,40,619"
"31,43,46,552"
"32,71,91,137"
"12,79,10,019"
"17,34,540"
"16,28,901"
"5,91,278"
"11,01,774"
"11,33,043"
"19,11,563"
"11,79,706"
"11,77,709"
"4,81,520"
"40,18,000"
"55,29,258"
"49,75,658"
"44,46,259"
"45,84,424"
"52,89,137"
"57,49,722"
"56,53,404"
"53,99,005"
"57,27,986"
"39,26,655"
"33,09,613"
"23,31,877"
"14,68,171"
"14,67,915"
"14,51,304"
"14,69,009"
"14,60,584"
"86,000"
"92,000"
"15,000"
"70,000"
"42,000"
"52,000"
"1,05,000"
"92,000"
"42,000"
"1,20,000"
"2,80,000"
"1,90,000"
"1,72,000"
"2,80,000"
"2,10,000"
"2,59,000"
"2,67,000"
"3,90,000"
"5,06,000"
"3,21,000"
"3,50,000"
"5,43,000"
"2,61,000"
"2,45,000"
"1,59,000"
"98,000"
"83,000"
"1,63,000"
"1,93,000"
"2,21,000"
"1,45,000"
"2,55,000"
"1,29,000"
"88,000"
"2,99,000"
"1,08,000"
"80,000"
"86,000"
"1,06,000"
"82,000"
"81,000"
"1,57,000"
"84,000"
"1,55,000"
"94,000"
"1,19,000"
"88,000"
"72,000"
"48,000"
"88,000"
"91,000"
"81,000"
"1,18,000"
"1,86,000"
"85,000"
"79,000"
"1,03,000"
"1,13,000"
"95,000"
"1,01,000"
"1,27,000"
"1,27,000"
"3,63,000"
"5,18,000"
"1,38,000"
"2,09,000"

"2,28,000"
"2,04,000"
"1,97,000"
"2,11,000"
"2,58,000"
"7,33,000"
"4,79,000"
"3,48,000"

"2,35,000"
"2,76,000"
"2,45,000"
"2,77,000"
"3,52,000"
"3,62,000"
"6,34,000"
"5,53,000"
"2,30,000"
"2,13,000"
"10,32,000"
"9,79,000"
"6,41,000"
"8,46,000"
"9,12,000"
"7,55,000"
"8,23,000"
"6,45,000"
"9,80,000"
"8,97,000"
"10,58,000"
"12,41,000"
"9,58,000"
"16,48,000"
"17,59,000"
"24,10,000"
"27,56,466"
"25,42,935"
"20,08,000"
"25,39,000"
"19,07,000"
"19,42,000"
"20,02,352"
"26,56,400"
"23,00,226"
"66,59,984"
"89,69,031"
"1,02,69,143"
"90,32,928"
"92,50,049"
"1,09,76,256"
"1,01,01,126"
"2,82,35,102"
"1,13,61,049"
"1,11,23,835"
"1,00,51,647"
"98,66,901"
"97,33,185"
"96,41,180"
"73,65,330"
"73,62,345"
"1,04,31,395"
"1,68,91,037"
"1,85,18,539"
"1,78,47,778"
"2,19,51,205"
"2,22,41,005"
"2,61,77,342"
"2,66,35,539"
"2,43,40,355"
"2,72,59,148"
"2,62,30,231"
"2,73,28,566"
"3,12,06,672"
"3,25,71,741"
"3,01,49,023"
"3,38,85,353"
"3,36,05,831"
"3,39,29,171"
"3,15,03,129"
"88,89,215"
"69,94,485"
"60,16,695"
"99,22,185"
"1,02,72,940"
"1,14,37,600"
"90,49,075"
"1,22,08,655"
"96,62,270"
"78,15,955"
"73,00,185"
"58,48,810"
"55,16,910"
"1,18,41,395"
"1,32,26,830"
"83,07,390"
"63,26,635"
"94,52,440"
"92,53,155"
"80,28,165"
"87,53,665"
"73,45,105"
"1,10,30,450"
"1,20,04,640"
"93,88,275"
"1,16,43,465"
"1,30,17,950"
"1,34,72,360"
"1,47,77,070"
"1,24,23,005"
"98,20,405"
"1,09,97,590"
"1,37,93,685"
"1,17,90,990"
"1,64,89,430"
"1,57,79,500"
"1,61,23,625"
"1,13,43,660"
"1,31,71,750"
"1,30,30,460"
"1,53,93,070"
"1,41,59,520"
"1,41,92,770"
"1,42,45,265"
"1,38,43,000"
"1,58,21,230"
"1,51,11,570"
"1,54,64,515"
"1,74,39,010"
"2,01,01,265"
"2,63,97,535"
"3,84,88,095"
"2,77,50,205"
"2,20,17,615"
"2,25,13,025"
"2,25,88,730"
"2,32,77,980"
"2,48,09,245"
"2,40,79,395"
"2,43,39,750"
"2,83,09,715"
"2,56,72,400"
"2,58,88,305"
"2,85,95,120"
"2,60,49,535"
"2,61,66,260"
"2,84,30,520"
"2,91,90,710"
"2,73,86,815"
"3,15,76,155"
"4,65,56,675"
"4,01,58,405"
"3,25,83,160"
"2,94,86,050"
"2,85,64,420"
"3,16,37,450"
"1,72,62,575"
"2,38,33,995"
"2,14,85,505"
"2,04,43,165"
"2,17,07,955"
"2,17,97,980"
"3,19,77,295"
"4,08,00,805"
"5,86,43,787"
"6,45,14,661"
"5,31,50,898"
"4,93,68,302"
"6,09,96,836"
"8,35,77,038"
"7,50,60,788"
"6,07,30,353"
"5,85,93,545"
"5,18,83,410"
"5,36,79,381"
"4,90,20,834"
"2,69,92,654"
"3,06,69,781"
"3,27,94,847"
"2,27,77,521"
"3,31,00,555"
"7,71,34,111"
"7,46,73,255"
"11,86,36,902"
"7,22,18,028"
"5,31,99,933"
"6,13,75,832"
"3,33,29,357"
"3,56,09,337"
"2,74,68,846"
"6,64,15,843"
"3,74,76,049"
"5,19,90,176"
"3,82,44,318"
"4,42,96,150"
"3,84,44,906"
"4,44,00,388"
"2,32,17,219"
"4,09,11,691"
"2,13,16,745"
"4,89,44,211"
"2,17,42,251"
"20,11,032"
"19,37,400"
"17,42,504"
"16,31,651"
"16,16,839"
"16,40,264"
"19,64,003"
"20,71,797"
"15,76,671"
"18,96,957"
"15,60,214"
"17,69,967"
"13,99,041"
"9,63,875"
"5,98,230"
"7,29,634"
"19,37,601"
"8,03,613"
"15,12,188"
"8,28,451"
"17,63,232"
"17,07,434"
"14,94,042"
"15,96,954"
"24,93,968"
"19,50,509"
"27,61,208"
"33,23,374"
"37,59,892"
"32,37,477"
"29,86,573"
"44,65,241"
"42,79,876"
"41,59,916"
"43,81,000"
"52,01,861"
"45,47,700"
"44,87,251"
"45,86,840"
"46,35,755"
"49,74,206"
"43,14,498"
"44,99,928"
"40,33,021"
"43,49,366"
"39,82,296"
"47,81,753"
"41,11,574"
"41,54,871"
"33,43,182"
"37,72,087"
"35,53,624"
"36,76,747"
"40,30,890"
"41,34,529"
"50,41,635"
"45,54,136"
"42,06,217"
"38,89,653"
"39,33,276"
"43,57,143"
"49,62,049"
"46,39,045"
"46,44,816"
"48,09,102"
"50,77,001"
"57,50,524"
"49,92,039"
"59,57,440"

"52,76,330"
"51,79,135"
"54,72,756"
"54,09,902"
"49,28,926"
"65,24,495"
"56,53,629"
"57,38,104"

"85,05,360"
"80,29,964"
"80,47,117"
"69,51,311"
"85,76,757"
"80,32,060"
"67,40,708"
"76,72,875"
"73,06,106"
"58,92,830"
"56,19,759"
"71,65,963"
"77,77,335"
"89,64,685"
"92,19,375"
"93,42,717"
"1,07,39,207"
"1,05,45,356"
"1,12,38,779"
"1,01,30,159"
"1,34,51,356"
"1,00,73,709"
"91,87,884"
"1,25,41,854"
"1,23,51,152"
"1,61,22,102"
"1,52,63,595"
"1,43,81,794"
"1,44,99,651"
"1,62,37,530"
"1,68,56,156"
"1,70,11,486"
"1,62,24,663"
"1,57,17,115"
"1,76,23,204"
"2,01,20,486"
"2,22,30,049"
"2,23,58,160"
"2,21,86,162"
"2,37,07,693"
"2,60,91,322"
"2,56,96,230"
"2,60,17,722"
"2,59,33,446"
"2,35,18,943"
"2,20,82,909"
"2,22,81,707"
"1,70,68,145"
"1,66,55,795"
"1,75,67,496"
"1,84,35,881"
"2,29,96,897"
"1,98,38,570"
"1,96,46,250"
"1,73,97,150"
"1,77,57,290"
"1,78,62,198"
"1,64,00,618"
"1,77,26,088"
"1,76,88,316"
"1,68,26,704"
"1,68,48,027"
"1,71,28,582"
"1,76,92,070"
"1,70,52,918"
"1,57,20,413"
"1,55,33,268"
"1,61,61,607"
"1,92,97,029"
"2,01,08,508"
"1,97,90,305"
"2,00,20,810"
"1,93,33,125"
"1,81,79,755"
"1,81,32,445"
"1,88,88,555"
"1,87,13,010"
"2,05,23,470"
"2,19,90,050"
"2,16,99,505"
"1,90,61,870"
"1,85,41,520"
"1,85,96,730"
"1,94,53,515"
"2,03,38,485"
"2,06,45,310"
"1,95,18,110"
"2,00,47,640"
"1,91,17,055"
"1,96,74,915"
"1,96,59,520"
"2,07,68,100"
"2,23,75,835"
"2,31,17,850"
"2,27,95,280"
"2,22,83,485"
"2,30,83,050"
"2,43,81,250"
"2,45,32,690"
"2,48,17,790"
"2,53,77,365"
"2,61,96,835"
"2,72,16,605"
"2,65,29,445"
"2,93,84,465"
"2,63,05,410"
"2,52,59,150"
"2,45,32,660"
"2,48,35,615"
"2,41,80,600"
"2,34,18,840"
"2,34,41,560"
"2,32,45,785"
"2,31,83,670"
"2,30,42,465"
"2,30,69,860"
"2,36,15,300"
"2,45,90,555"
"2,45,11,490"
"2,43,08,400"
"2,47,94,165"
"2,49,19,335"
"2,55,63,940"
"2,63,53,465"
"2,62,25,355"
"2,84,37,985"
"2,86,03,125"
"2,84,87,485"
"2,81,06,400"
"2,76,29,180"
"2,69,86,870"
"2,82,65,930"
"2,78,85,190"
"2,78,10,505"
"2,86,49,325"
"2,77,48,220"
"2,71,10,320"
"2,79,88,795"
"2,77,07,990"
"2,82,10,060"
"3,42,22,880"
"3,25,07,860"
"3,85,84,710"
"4,72,51,225"
"7,03,35,745"
"9,65,26,440"
"12,76,97,910"
"12,15,45,695"
"12,39,40,440"
"12,55,79,195"
"12,48,03,065"
"14,11,38,190"
"13,66,03,685"
"13,53,49,460"
"35,22,53,215"
"34,68,12,165"
"34,76,65,402"
"34,64,04,346"
"35,62,49,195"
"36,74,02,301"
"37,74,37,751"
"39,98,81,499"
"45,50,67,116"
"47,45,23,750"
"47,27,34,976"
"53,12,15,913"
"60,32,48,922"
"74,95,71,795"
"91,74,46,872"
"1,07,74,64,198"
"1,21,71,41,164"
"1,32,31,13,723"
"1,37,55,74,579"
"1,23,16,10,932"
"1,22,80,29,806"
"1,24,71,56,890"
"1,28,89,80,991"
"1,36,70,27,466"
"1,46,47,47,486"
"1,54,78,87,977"
"1,65,89,46,375"
"1,78,78,82,333"
"1,87,33,68,446"
"1,96,21,14,543"
"2,00,60,62,831"
"2,11,19,15,274"
"2,20,59,60,632"
"2,30,21,41,403"
"2,30,94,48,249"
"2,42,90,44,275"
"2,60,14,17,528"
"2,77,86,19,008"
"86,000"
"92,000"
"15,000"
"70,000"
"42,000"
"52,000"
"1,05,000"
"92,000"
"42,000"
"1,20,000"
"2,80,000"
"1,90,000"
"1,72,000"
"2,80,000"
"2,10,000"
"2,59,000"
"2,67,000"
"3,90,000"
"5,06,000"
"3,21,000"
"3,50,000"
"5,43,000"
"2,61,000"
"2,45,000"
"1,59,000"
"98,000"
"83,000"
"1,63,000"
"1,93,000"
"2,21,000"
"1,45,000"
"2,55,000"
"1,29,000"
"88,000"
"2,99,000"
"1,08,000"
"80,000"
"86,000"
"1,06,000"
"82,000"
"81,000"
"1,57,000"
"84,000"
"1,55,000"
"94,000"
"1,19,000"
"88,000"
"72,000"
"48,000"
"88,000"
"91,000"
"81,000"
"1,18,000"
"1,86,000"
"85,000"
"79,000"
"1,03,000"
"1,13,000"
"95,000"
"1,01,000"
"1,27,000"
"1,27,000"
"3,63,000"
"5,18,000"
"1,38,000"
"2,09,000"

"2,28,000"
"2,04,000"
"1,97,000"
"2,11,000"
"2,58,000"
"7,33,000"
"4,79,000"
"3,48,000"

"2,35,000"
"2,76,000"
"2,45,000"
"2,77,000"
"3,52,000"
"3,62,000"
"6,34,000"
"5,53,000"
"2,30,000"
"2,13,000"
"10,32,000"
"9,79,000"
"6,41,000"
"8,46,000"
"9,12,000"
"7,55,000"
"8,23,000"
"6,45,000"
"9,80,000"
"8,97,000"
"10,58,000"
"12,41,000"
"9,58,000"
"16,48,000"
"17,59,000"
"24,10,000"
"27,56,466"
"25,42,935"
"20,08,000"
"25,39,000"
"19,07,000"
"19,42,000"
"20,02,352"
"26,56,400"
"23,00,226"
"66,59,984"
"89,69,031"
"1,02,69,143"
"90,32,928"
"92,50,049"
"1,09,76,256"
"1,01,01,126"
"2,82,35,102"
"1,13,61,049"
"1,11,23,835"
"1,00,51,647"
"98,66,901"
"97,33,185"
"96,41,180"
"73,65,330"
"73,62,345"
"1,04,31,395"
"1,68,91,037"
"1,85,18,539"
"1,78,47,778"
"2,19,51,205"
"2,22,41,005"
"2,61,77,342"
"2,66,35,539"
"2,43,40,355"
"2,72,59,148"
"2,62,30,231"
"2,73,28,566"
"3,12,06,672"
"3,25,71,741"
"3,01,49,023"
"3,38,85,353"
"3,36,05,831"
"3,39,29,171"
"3,15,03,129"
"88,89,215"
"69,94,485"
"60,16,695"
"99,22,185"
"1,02,72,940"
"1,14,37,600"
"90,49,075"
"1,22,08,655"
"96,62,270"
"78,15,955"
"73,00,185"
"58,48,810"
"55,16,910"
"1,18,41,395"
"1,32,26,830"
"83,07,390"
"63,26,635"
"94,52,440"
"92,53,155"
"80,28,165"
"87,53,665"
"73,45,105"
"1,10,30,450"
"1,20,04,640"
"93,88,275"
"1,16,43,465"
"1,30,17,950"
"1,34,72,360"
"1,47,77,070"
"1,24,23,005"
"98,20,405"
"1,09,97,590"
"1,37,93,685"
"1,17,90,990"
"1,64,89,430"
"1,57,79,500"
"1,61,23,625"
"1,13,43,660"
"1,31,71,750"
"1,30,30,460"
"1,53,93,070"
"1,41,59,520"
"1,41,92,770"
"1,42,45,265"
"1,38,43,000"
"1,58,21,230"
"1,51,11,570"
"1,54,64,515"
"1,74,39,010"
"2,01,01,265"
"2,63,97,535"
"3,84,88,095"
"2,77,50,205"
"2,20,17,615"
"2,25,13,025"
"2,25,88,730"
"2,32,77,980"
"2,48,09,245"
"2,40,79,395"
"2,43,39,750"
"2,83,09,715"
"2,56,72,400"
"2,58,88,305"
"2,85,95,120"
"2,60,49,535"
"2,61,66,260"
"2,84,30,520"
"2,91,90,710"
"2,73,86,815"
"3,15,76,155"
"4,65,56,675"
"4,01,58,405"
"3,25,83,160"
"2,94,86,050"
"2,85,64,420"
"3,16,37,450"
"1,72,62,575"
"2,38,33,995"
"2,14,85,505"
"2,04,43,165"
"2,17,07,955"
"2,17,97,980"
"3,19,77,295"
"4,08,00,805"
"5,86,43,787"
"6,45,14,661"
"5,31,50,898"
"4,93,68,302"
"6,09,96,836"
"8,35,77,038"
"7,50,60,788"
"6,07,30,353"
"5,85,93,545"
"5,18,83,410"
"5,36,79,381"
"4,90,20,834"
"2,69,92,654"
"3,06,69,781"
"3,27,94,847"
"2,27,77,521"
"3,31,00,555"
"7,71,34,111"
"7,46,73,255"
"11,86,36,902"
"7,22,18,028"
"5,31,99,933"
"6,13,75,832"
"3,33,29,357"
"3,56,09,337"
"2,74,68,846"
"6,64,15,843"
"3,74,76,049"
"5,19,90,176"
"3,82,44,318"
"4,42,96,150"
"3,84,44,906"
"4,44,00,388"
"2,32,17,219"
"4,09,11,691"
"2,13,16,745"
"4,89,44,211"
"2,17,42,251"
"41,073"

"1,08,890"
"92,138"
"94,767"
"81,830"
"96,655"
"92,925"
"80,694"
"71,864"
"74,613"
"78,397"
"71,225"
"1,50,686"
"1,43,511"
"1,70,495"
"1,83,942"
"1,93,872"
"1,90,523"
"2,14,620"
"2,18,786"
"2,32,248"
"2,16,195"
"1,71,910"
"1,45,062"
"1,32,885"
"1,66,043"
"4,10,295"
"5,37,070"
"2,83,003"
"3,10,935"
"3,03,019"
"2,82,920"
"2,89,977"
"2,97,661"
"2,95,357"
"2,79,966"
"2,74,721"
"2,77,676"
"2,83,822"
"2,90,680"
"3,08,940"
"3,07,829"
"3,07,477"
"3,07,652"
"3,00,013"
"3,24,836"
"3,52,385"
"3,69,630"
"3,46,071"
"3,07,865"
"2,79,482"
"2,79,666"
"3,38,234"
"3,57,514"
"3,29,821"
"2,89,975"
"2,62,045"
"3,09,937"
"2,84,580"
"2,58,837"
"2,65,292"
"2,94,831"
"3,63,444"
"2,97,447"
"3,24,864"
"4,83,725"
"5,15,500"
"5,11,910"

"4,83,864"
"3,86,506"
"4,99,459"
"4,37,441"
"6,13,661"
"5,92,577"
"6,65,976"
"6,48,412"

"8,57,893"
"8,84,885"
"10,26,370"
"11,28,733"
"12,76,296"
"13,47,409"
"15,76,801"
"17,92,749"
"19,76,880"
"21,68,378"
"23,21,061"
"25,98,708"
"27,53,817"
"28,69,776"
"28,44,834"
"27,01,308"
"26,68,301"
"27,05,869"
"27,80,570"
"28,75,832"
"29,48,527"
"32,47,596"
"33,57,611"
"33,83,716"
"35,11,317"
"36,61,150"
"41,05,730"
"40,67,685"
"43,21,489"
"46,16,457"
"45,90,404"
"48,67,353"
"47,71,300"
"50,88,726"
"50,81,087"
"54,03,074"
"56,67,420"
"60,05,965"
"63,36,343"
"69,37,801"
"76,31,516"
"86,39,679"
"57,36,093"
"51,92,273"
"40,99,558"
"35,20,879"
"31,58,366"
"36,74,944"
"31,30,621"
"28,47,227"
"28,07,888"
"29,74,241"
"29,96,414"
"27,93,403"
"28,49,832"
"25,79,391"
"26,12,369"
"26,37,762"
"25,58,881"
"25,76,759"
"27,48,917"
"27,98,492"
"29,62,330"
"28,17,124"
"27,09,399"
"28,78,073"
"28,02,735"
"28,18,010"
"27,37,228"
"31,84,874"
"32,52,281"
"36,89,430"
"38,99,220"
"37,39,389"
"35,14,565"
"32,68,145"
"32,73,872"
"36,04,186"
"32,47,336"
"33,83,249"
"33,03,241"
"34,70,046"
"37,19,854"
"36,85,703"
"33,02,224"
"36,80,876"
"34,36,215"
"33,34,721"
"33,38,536"
"35,36,094"
"36,02,497"
"37,75,794"
"35,45,921"
"33,29,030"
"33,50,396"
"33,67,776"
"33,83,727"
"34,02,445"
"35,23,885"
"34,27,910"
"33,84,534"
"33,90,681"
"37,35,804"
"33,99,383"
"35,97,752"
"33,65,771"
"33,91,355"
"34,50,517"
"37,70,042"
"33,56,333"
"34,58,725"
"34,00,029"
"34,38,119"
"37,41,525"
"34,59,553"
"34,68,514"
"35,17,580"
"34,80,332"
"34,97,567"
"36,66,621"
"34,17,264"
"33,97,001"
"35,32,991"
"34,82,523"
"35,12,128"
"37,52,158"
"35,46,284"
"36,00,073"
"36,23,686"
"36,35,565"
"35,30,717"
"36,80,896"
"36,30,501"
"36,01,915"
"34,59,666"
"35,06,017"
"35,69,392"
"35,42,330"
"35,64,338"
"35,43,013"
"35,69,837"
"35,14,962"
"35,71,262"
"35,63,021"
"34,99,563"
"35,09,269"
"35,20,989"
"35,27,110"
"36,76,670"
"35,93,008"
"36,09,677"
"36,06,504"
"36,41,470"
"37,18,812"
"37,03,363"
"37,05,755"
"36,69,930"
"36,31,366"
"36,40,872"
"36,78,907"
"36,88,530"
"36,84,076"
"36,78,616"
"36,63,789"
"36,37,206"
"35,82,920"
"35,18,001"
"34,49,551"
"34,50,630"
"34,44,176"
"34,61,600"
"34,61,433"
"38,88,409"
"38,87,944"
"38,76,270"
"38,71,656"
"39,05,483"
"39,01,616"
"38,94,890"
"38,87,868"
"38,75,420"
"39,10,659"
"39,01,632"
"39,00,136"
"39,00,441"
"38,98,192"
"38,80,391"
"39,17,764"
"38,94,802"
"38,96,193"
"38,81,812"
"38,82,025"
"4,09,873"
"3,25,320"
"1,61,184"
"1,44,315"
"1,18,030"
"5,40,158"
"1,82,656"
"2,84,783"
"1,89,433"
"2,53,203"
"2,23,784"
"6,51,475"
"12,92,132"
"3,40,521"
"2,15,339"
"3,74,238"
"3,31,006"
"4,77,159"
"14,21,014"
"5,10,652"
"11,77,818"
"9,27,965"
"8,75,698"
"9,03,473"
"16,38,821"
"14,65,799"
"21,81,063"
"39,42,169"
"59,10,799"
"21,85,735"
"25,98,081"
"31,80,479"
"32,13,848"
"28,09,012"
"27,24,338"
"21,13,630"
"32,50,370"
"28,41,870"
"36,89,502"
"37,04,402"
"34,67,827"
"34,50,025"
"34,74,191"
"36,30,772"
"39,06,527"
"42,78,272"
"40,56,530"
"39,08,805"
"37,78,911"
"30,93,657"
"43,61,163"
"33,96,366"
"26,48,600"
"28,23,701"
"28,65,402"
"29,71,832"
"31,59,259"
"27,39,695"
"26,68,810"
"32,69,256"
"38,19,059"
"41,22,788"
"34,25,249"
"27,93,719"
"31,04,315"
"32,16,664"
"33,44,058"
"29,29,525"
"26,45,513"

"21,78,321"
"23,27,897"
"27,43,025"
"26,18,685"
"29,70,514"
"26,08,622"
"21,37,262"
"24,07,020"

"26,34,283"
"23,46,354"
"24,46,287"
"28,58,153"
"28,86,159"
"31,54,893"
"35,99,947"
"42,69,863"
"26,40,045"
"26,75,635"
"32,26,263"
"33,51,865"
"31,57,512"
"31,92,659"
"35,01,280"
"37,34,143"
"43,71,425"
"33,25,388"
"33,13,296"
"33,71,677"
"41,54,422"
"33,64,246"
"32,51,281"
"34,73,661"
"48,92,703"
"42,65,575"
"77,23,957"
"42,85,423"
"47,68,203"
"46,83,822"
"89,92,049"
"58,91,103"
"65,50,689"
"83,76,492"
"55,88,954"
"59,34,314"
"67,91,658"
"71,84,199"
"69,90,179"
"77,96,467"
"72,67,252"
"80,95,889"
"65,93,604"
"55,07,550"
"41,51,378"
"33,47,555"
"56,22,896"
"46,89,941"
"71,81,098"
"1,00,97,851"
"1,01,68,784"
"69,35,943"
"88,01,660"
"91,98,140"
"95,53,954"
"1,07,63,010"
"1,12,13,529"
"89,37,171"
"1,23,95,443"
"1,33,56,394"
"1,08,23,023"
"1,43,22,538"
"1,05,93,808"
"1,10,22,124"
"81,53,389"
"78,01,320"
"69,30,298"
"85,56,744"
"1,12,62,564"
"1,25,29,165"
"1,51,79,555"
"2,49,43,603"
"1,52,50,182"
"1,59,67,900"
"1,59,58,671"
"1,73,88,066"
"1,71,14,533"
"1,83,81,558"
"1,94,59,672"
"1,45,52,919"
"1,53,04,637"
"1,89,03,915"
"1,83,99,800"
"2,05,99,473"
"2,24,36,956"
"2,14,01,325"
"1,79,30,651"
"2,07,02,591"
"2,12,68,811"
"2,05,80,274"
"2,08,06,249"
"1,81,91,094"
"2,45,81,980"
"2,42,75,109"
"2,25,00,047"
"2,65,69,807"
"2,83,18,972"
"3,11,38,352"
"3,26,21,254"
"2,63,62,488"
"2,42,35,412"
"2,69,88,830"
"3,12,54,702"
"3,02,16,010"
"3,67,96,386"
"3,38,08,763"
"3,47,70,621"
"3,19,80,273"
"3,25,09,795"
"3,42,70,120"
"3,51,88,460"
"3,08,60,428"
"3,09,02,830"
"3,49,75,887"
"3,39,64,484"
"3,53,46,915"
"4,14,97,851"
"3,77,80,781"
"3,71,81,461"
"3,96,04,585"
"4,22,51,492"
"6,45,22,966"
"5,65,17,099"
"5,53,57,283"
"5,34,54,880"
"5,55,50,312"
"5,42,91,558"
"6,00,32,506"
"5,50,02,280"
"5,36,70,349"
"5,50,42,692"
"6,35,45,637"
"5,77,20,286"
"6,09,06,351"
"5,75,18,236"
"5,26,59,348"
"5,69,25,279"
"6,64,00,185"
"6,52,15,519"
"6,40,74,942"
"15,97,93,482"
"14,90,13,672"
"21,58,38,388"
"16,74,16,881"
"14,49,93,443"
"19,01,46,815"
"12,72,47,108"
"13,77,55,462"
"13,14,55,821"
"12,35,42,990"
"12,16,86,651"
"12,22,41,601"
"11,63,11,586"
"10,86,46,906"
"10,76,68,884"
"9,89,32,338"
"10,86,05,195"
"11,42,47,546"
"15,94,92,796"
"16,00,43,798"
"15,55,86,601"
"15,04,69,950"
"15,12,65,955"
"15,78,68,177"
"15,46,15,514"
"18,40,09,879"
"18,93,74,767"
"20,00,07,640"
"23,92,13,233"
"26,29,97,298"
"28,63,90,316"
"30,41,95,035"
"36,77,67,828"
"39,59,98,240"
"41,47,69,447"
"54,86,40,814"
"40,54,03,665"
"37,82,71,466"
"41,58,55,810"
"36,55,87,081"
"35,08,39,712"
"34,27,07,843"
"31,24,12,368"
"30,83,84,168"
"32,73,41,865"
"34,08,00,115"
"49,75,33,291"
"57,66,96,473"
"34,55,77,479"
"36,22,70,737"
"37,41,47,294"
"48,34,28,964"